[
    { "AU": { "statKor": "호주", "imgPath": "" } },
    { "BN": { "statKor": "브루나이",   "imgPath": "" } },
    { "KH": { "statKor": "캄보디아",   "imgPath": "" } },
    { "CN": { "statKor": "중국",       "imgPath": "" } },
    { "IN": { "statKor": "인도",       "imgPath": "" } },
    { "ID": { "statKor": "인도네시아", "imgPath": "" } },
    { "JP": { "statKor": "일본",       "imgPath": "" } },
    { "LA": { "statKor": "라오스",     "imgPath": "" } },
    { "MY": { "statKor": "말레이시아", "imgPath": "" } },
    { "MM": { "statKor": "미얀마",     "imgPath": "" } },
    { "NZ": { "statKor": "뉴질랜드",   "imgPath": "" } },
    { "PH": { "statKor": "필리핀",     "imgPath": "" } },
    { "SG": { "statKor": "싱가포르",   "imgPath": "" } },
    { "TH": { "statKor": "태국",       "imgPath": "" } },
    { "VN": { "statKor": "베트남",     "imgPath": "" } },
    { "CA": { "statKor": "캐나다",     "imgPath": "" } },
    { "CL": { "statKor": "칠레",       "imgPath": "" } },
    { "CO": { "statKor": "콜롬비아",   "imgPath": "" } },
    { "CR": { "statKor": "코스타리카", "imgPath": "" } },
    { "SV": { "statKor": "엘살바도르", "imgPath": "" } },
    { "HN": { "statKor": "온두라스",   "imgPath": "" } },
    { "NI": { "statKor": "니카라과",   "imgPath": "" } },
    { "PA": { "statKor": "파나마",     "imgPath": "" } },
    { "PE": { "statKor": "페루",       "imgPath": "" } },
    { "US": { "statKor": "미국",       "imgPath": "" } },
    { "AT": { "statKor": "오스트리아", "imgPath": "" } },
    { "BE": { "statKor": "벨기에",     "imgPath": "" } },
    { "BG": { "statKor": "불가리아",   "imgPath": "" } },
    { "HR": { "statKor": "크로아티아", "imgPath": "" } },
    { "CY": { "statKor": "키프로스",   "imgPath": "" } },
    { "CZ": { "statKor": "체코",       "imgPath": "" } },
    { "DK": { "statKor": "덴마크",     "imgPath": "" } },
    { "EE": { "statKor": "에스토니아", "imgPath": "" } },
    { "FI": { "statKor": "핀란드",     "imgPath": "" } },
    { "FR": { "statKor": "프랑스",     "imgPath": "" } },
    { "DE": { "statKor": "독일",       "imgPath": "" } },
    { "GR": { "statKor": "그리스",     "imgPath": "" } },
    { "HU": { "statKor": "헝가리",     "imgPath": "" } },
    { "IS": { "statKor": "아이슬란드", "imgPath": "" } },
    { "IE": { "statKor": "아일랜드",   "imgPath": "" } },
    { "IT": { "statKor": "이탈리아",   "imgPath": "" } },
    { "LV": { "statKor": "라트비아",   "imgPath": "" } },
    { "LI": { "statKor": "리히텐슈타인", "imgPath": "" } },
    { "LT": { "statKor": "리투아니아", "imgPath": "" } },
    { "LU": { "statKor": "룩셈부르크", "imgPath": "" } },
    { "MT": { "statKor": "몰타",       "imgPath": "" } },
    { "NL": { "statKor": "네덜란드",   "imgPath": "" } },
    { "NO": { "statKor": "노르웨이",   "imgPath": "" } },
    { "PL": { "statKor": "폴란드",     "imgPath": "" } },
    { "PT": { "statKor": "포르투갈",   "imgPath": "" } },
    { "RO": { "statKor": "루마니아",   "imgPath": "" } },
    { "SK": { "statKor": "슬로바키아", "imgPath": "" } },
    { "SI": { "statKor": "슬로베니아", "imgPath": "" } },
    { "ES": { "statKor": "스페인",     "imgPath": "" } },
    { "SE": { "statKor": "스웨덴",     "imgPath": "" } },
    { "CH": { "statKor": "스위스",     "imgPath": "" } },
    { "GB": { "statKor": "영국",       "imgPath": "" } },
    { "IL": { "statKor": "이스라엘",   "imgPath": "" } },
    { "TR": { "statKor": "튀르키에",       "imgPath": "" } }
]
