{"topExpDlr":[{"cntyCd":"CN","rank":1,"expDlr":4505926,"expWgt":3874005,"impDlr":4335049,"impWgt":2567178,"hsCd":"0303540000","statCd":"CN","statCdCntnKor1":"중국","statKor":"중국","items":[{"year":"2024","totalExpDlr":4505926,"totalExpWgt":3874005,"totalImpDlr":4335049,"totalImpWgt":2567178},{"year":"2023","totalExpDlr":2847752,"totalExpWgt":2709955,"totalImpDlr":8134757,"totalImpWgt":4016117},{"year":"2022","totalExpDlr":1810845,"totalExpWgt":1627071,"totalImpDlr":5323565,"totalImpWgt":2616599},{"year":"2021","totalExpDlr":2622622,"totalExpWgt":1798323,"totalImpDlr":7631036,"totalImpWgt":4210046},{"year":"2020","totalExpDlr":7832367,"totalExpWgt":9887669,"totalImpDlr":5469159,"totalImpWgt":3002087},{"year":"2019","totalExpDlr":4618124,"totalExpWgt":3946436,"totalImpDlr":3316444,"totalImpWgt":5576009}]},{"cntyCd":"VN","rank":2,"expDlr":2026800,"expWgt":1668156,"impDlr":190677,"impWgt":201730,"hsCd":"0303540000","statCd":"VN","statCdCntnKor1":"베트남","statKor":"베트남","items":[{"year":"2024","totalExpDlr":2026800,"totalExpWgt":1668156,"totalImpDlr":190677,"totalImpWgt":201730},{"year":"2023","totalExpDlr":2386208,"totalExpWgt":2662330,"totalImpDlr":0,"totalImpWgt":0},{"year":"2022","totalExpDlr":2486949,"totalExpWgt":2717072,"totalImpDlr":0,"totalImpWgt":0},{"year":"2021","totalExpDlr":1279108,"totalExpWgt":1204111,"totalImpDlr":29482,"totalImpWgt":17540},{"year":"2020","totalExpDlr":1931130,"totalExpWgt":2152683,"totalImpDlr":50486,"totalImpWgt":54000},{"year":"2019","totalExpDlr":2796215,"totalExpWgt":2813417,"totalImpDlr":55353,"totalImpWgt":13005}]},{"cntyCd":"US","rank":3,"expDlr":1673744,"expWgt":1306664,"impDlr":0,"impWgt":0,"hsCd":"0303540000","statCd":"US","statCdCntnKor1":"미국","statKor":"미국","items":[{"year":"2024","totalExpDlr":1673744,"totalExpWgt":1306664,"totalImpDlr":0,"totalImpWgt":0},{"year":"2023","totalExpDlr":687279,"totalExpWgt":345256,"totalImpDlr":0,"totalImpWgt":0},{"year":"2022","totalExpDlr":398452,"totalExpWgt":188037,"totalImpDlr":0,"totalImpWgt":0},{"year":"2021","totalExpDlr":169255,"totalExpWgt":37652,"totalImpDlr":1247,"totalImpWgt":2970},{"year":"2020","totalExpDlr":131438,"totalExpWgt":26082,"totalImpDlr":0,"totalImpWgt":0},{"year":"2019","totalExpDlr":269223,"totalExpWgt":56463,"totalImpDlr":134,"totalImpWgt":22}]}],"topExpWgt":[{"cntyCd":"CN","rank":1,"expDlr":4505926,"expWgt":3874005,"impDlr":4335049,"impWgt":2567178,"hsCd":"0303540000","statCd":"CN","statCdCntnKor1":"중국","statKor":"중국","items":[{"year":"2024","totalExpDlr":4505926,"totalExpWgt":3874005,"totalImpDlr":4335049,"totalImpWgt":2567178},{"year":"2023","totalExpDlr":2847752,"totalExpWgt":2709955,"totalImpDlr":8134757,"totalImpWgt":4016117},{"year":"2022","totalExpDlr":1810845,"totalExpWgt":1627071,"totalImpDlr":5323565,"totalImpWgt":2616599},{"year":"2021","totalExpDlr":2622622,"totalExpWgt":1798323,"totalImpDlr":7631036,"totalImpWgt":4210046},{"year":"2020","totalExpDlr":7832367,"totalExpWgt":9887669,"totalImpDlr":5469159,"totalImpWgt":3002087},{"year":"2019","totalExpDlr":4618124,"totalExpWgt":3946436,"totalImpDlr":3316444,"totalImpWgt":5576009}]},{"cntyCd":"ES","rank":2,"expDlr":1612887,"expWgt":2303806,"impDlr":0,"impWgt":0,"hsCd":"0303540000","statCd":"ES","statCdCntnKor1":"스페인","statKor":"스페인","items":[{"year":"2024","totalExpDlr":1612887,"totalExpWgt":2303806,"totalImpDlr":0,"totalImpWgt":0},{"year":"2023","totalExpDlr":4041777,"totalExpWgt":6142451,"totalImpDlr":0,"totalImpWgt":0},{"year":"2022","totalExpDlr":1596065,"totalExpWgt":2555062,"totalImpDlr":0,"totalImpWgt":0},{"year":"2021","totalExpDlr":744943,"totalExpWgt":931878,"totalImpDlr":0,"totalImpWgt":0},{"year":"2020","totalExpDlr":510732,"totalExpWgt":581518,"totalImpDlr":0,"totalImpWgt":0},{"year":"2019","totalExpDlr":544725,"totalExpWgt":571233,"totalImpDlr":0,"totalImpWgt":0}]},{"cntyCd":"VN","rank":3,"expDlr":2026800,"expWgt":1668156,"impDlr":190677,"impWgt":201730,"hsCd":"0303540000","statCd":"VN","statCdCntnKor1":"베트남","statKor":"베트남","items":[{"year":"2024","totalExpDlr":2026800,"totalExpWgt":1668156,"totalImpDlr":190677,"totalImpWgt":201730},{"year":"2023","totalExpDlr":2386208,"totalExpWgt":2662330,"totalImpDlr":0,"totalImpWgt":0},{"year":"2022","totalExpDlr":2486949,"totalExpWgt":2717072,"totalImpDlr":0,"totalImpWgt":0},{"year":"2021","totalExpDlr":1279108,"totalExpWgt":1204111,"totalImpDlr":29482,"totalImpWgt":17540},{"year":"2020","totalExpDlr":1931130,"totalExpWgt":2152683,"totalImpDlr":50486,"totalImpWgt":54000},{"year":"2019","totalExpDlr":2796215,"totalExpWgt":2813417,"totalImpDlr":55353,"totalImpWgt":13005}]}],"topImpDlr":[{"cntyCd":"NO","rank":1,"expDlr":0,"expWgt":0,"impDlr":83060477,"impWgt":34761736,"hsCd":"0303540000","statCd":"NO","statCdCntnKor1":"노르웨이","statKor":"노르웨이","items":[{"year":"2024","totalExpDlr":0,"totalExpWgt":0,"totalImpDlr":83060477,"totalImpWgt":34761736},{"year":"2023","totalExpDlr":0,"totalExpWgt":0,"totalImpDlr":101553564,"totalImpWgt":45506421},{"year":"2022","totalExpDlr":0,"totalExpWgt":0,"totalImpDlr":107709795,"totalImpWgt":44491770},{"year":"2021","totalExpDlr":0,"totalExpWgt":0,"totalImpDlr":91711697,"totalImpWgt":45197400},{"year":"2020","totalExpDlr":0,"totalExpWgt":0,"totalImpDlr":74978117,"totalImpWgt":36390220},{"year":"2019","totalExpDlr":0,"totalExpWgt":0,"totalImpDlr":75045181,"totalImpWgt":34876470}]},{"cntyCd":"CN","rank":2,"expDlr":4505926,"expWgt":3874005,"impDlr":4335049,"impWgt":2567178,"hsCd":"0303540000","statCd":"CN","statCdCntnKor1":"중국","statKor":"중국","items":[{"year":"2024","totalExpDlr":4505926,"totalExpWgt":3874005,"totalImpDlr":4335049,"totalImpWgt":2567178},{"year":"2023","totalExpDlr":2847752,"totalExpWgt":2709955,"totalImpDlr":8134757,"totalImpWgt":4016117},{"year":"2022","totalExpDlr":1810845,"totalExpWgt":1627071,"totalImpDlr":5323565,"totalImpWgt":2616599},{"year":"2021","totalExpDlr":2622622,"totalExpWgt":1798323,"totalImpDlr":7631036,"totalImpWgt":4210046},{"year":"2020","totalExpDlr":7832367,"totalExpWgt":9887669,"totalImpDlr":5469159,"totalImpWgt":3002087},{"year":"2019","totalExpDlr":4618124,"totalExpWgt":3946436,"totalImpDlr":3316444,"totalImpWgt":5576009}]},{"cntyCd":"NL","rank":3,"expDlr":0,"expWgt":0,"impDlr":1812921,"impWgt":848085,"hsCd":"0303540000","statCd":"NL","statCdCntnKor1":"네덜란드","statKor":"네덜란드","items":[{"year":"2024","totalExpDlr":0,"totalExpWgt":0,"totalImpDlr":1812921,"totalImpWgt":848085},{"year":"2023","totalExpDlr":0,"totalExpWgt":0,"totalImpDlr":1189366,"totalImpWgt":587748},{"year":"2022","totalExpDlr":0,"totalExpWgt":0,"totalImpDlr":740330,"totalImpWgt":352155},{"year":"2021","totalExpDlr":494,"totalExpWgt":60,"totalImpDlr":526158,"totalImpWgt":278898},{"year":"2020","totalExpDlr":0,"totalExpWgt":0,"totalImpDlr":12794,"totalImpWgt":25588},{"year":"2019","totalExpDlr":0,"totalExpWgt":0,"totalImpDlr":1410336,"totalImpWgt":817034}]}],"topImpWgt":[{"cntyCd":"NO","rank":1,"expDlr":0,"expWgt":0,"impDlr":83060477,"impWgt":34761736,"hsCd":"0303540000","statCd":"NO","statCdCntnKor1":"노르웨이","statKor":"노르웨이","items":[{"year":"2024","totalExpDlr":0,"totalExpWgt":0,"totalImpDlr":83060477,"totalImpWgt":34761736},{"year":"2023","totalExpDlr":0,"totalExpWgt":0,"totalImpDlr":101553564,"totalImpWgt":45506421},{"year":"2022","totalExpDlr":0,"totalExpWgt":0,"totalImpDlr":107709795,"totalImpWgt":44491770},{"year":"2021","totalExpDlr":0,"totalExpWgt":0,"totalImpDlr":91711697,"totalImpWgt":45197400},{"year":"2020","totalExpDlr":0,"totalExpWgt":0,"totalImpDlr":74978117,"totalImpWgt":36390220},{"year":"2019","totalExpDlr":0,"totalExpWgt":0,"totalImpDlr":75045181,"totalImpWgt":34876470}]},{"cntyCd":"CN","rank":2,"expDlr":4505926,"expWgt":3874005,"impDlr":4335049,"impWgt":2567178,"hsCd":"0303540000","statCd":"CN","statCdCntnKor1":"중국","statKor":"중국","items":[{"year":"2024","totalExpDlr":4505926,"totalExpWgt":3874005,"totalImpDlr":4335049,"totalImpWgt":2567178},{"year":"2023","totalExpDlr":2847752,"totalExpWgt":2709955,"totalImpDlr":8134757,"totalImpWgt":4016117},{"year":"2022","totalExpDlr":1810845,"totalExpWgt":1627071,"totalImpDlr":5323565,"totalImpWgt":2616599},{"year":"2021","totalExpDlr":2622622,"totalExpWgt":1798323,"totalImpDlr":7631036,"totalImpWgt":4210046},{"year":"2020","totalExpDlr":7832367,"totalExpWgt":9887669,"totalImpDlr":5469159,"totalImpWgt":3002087},{"year":"2019","totalExpDlr":4618124,"totalExpWgt":3946436,"totalImpDlr":3316444,"totalImpWgt":5576009}]},{"cntyCd":"NL","rank":3,"expDlr":0,"expWgt":0,"impDlr":1812921,"impWgt":848085,"hsCd":"0303540000","statCd":"NL","statCdCntnKor1":"네덜란드","statKor":"네덜란드","items":[{"year":"2024","totalExpDlr":0,"totalExpWgt":0,"totalImpDlr":1812921,"totalImpWgt":848085},{"year":"2023","totalExpDlr":0,"totalExpWgt":0,"totalImpDlr":1189366,"totalImpWgt":587748},{"year":"2022","totalExpDlr":0,"totalExpWgt":0,"totalImpDlr":740330,"totalImpWgt":352155},{"year":"2021","totalExpDlr":494,"totalExpWgt":60,"totalImpDlr":526158,"totalImpWgt":278898},{"year":"2020","totalExpDlr":0,"totalExpWgt":0,"totalImpDlr":12794,"totalImpWgt":25588},{"year":"2019","totalExpDlr":0,"totalExpWgt":0,"totalImpDlr":1410336,"totalImpWgt":817034}]}]}